{"cameraMode":{"drawMode":0,"name":"Shaded","section":"Shading Mode"},"sceneLighting":true,"audioPlay":false,"sceneViewState":{"m_AlwaysRefresh":false,"showFog":true,"showSkybox":false,"showFlares":true,"showImageEffects":true,"showParticleSystems":true,"showVisualEffectGraphs":true,"m_FxEnabled":true},"in2DMode":false,"pivot":{"x":5.025964736938477,"y":13.53579330444336,"z":41.665000915527347},"rotation":{"x":0.14403364062309266,"y":-0.02968246303498745,"z":0.0043223462998867039,"w":0.9891189932823181},"size":53.78268814086914,"orthographic":false}