{"cameraMode":{"drawMode":0,"name":"Shaded","section":"Shading Mode"},"sceneLighting":false,"audioPlay":false,"sceneViewState":{"m_AlwaysRefresh":false,"showFog":true,"showSkybox":false,"showFlares":true,"showImageEffects":true,"showParticleSystems":true,"showVisualEffectGraphs":true,"m_FxEnabled":true},"in2DMode":false,"pivot":{"x":0.6738187670707703,"y":-0.4488309621810913,"z":-0.07816939055919647},"rotation":{"x":-0.0023995155934244396,"y":0.008999391458928585,"z":0.00001922829142131377,"w":0.9999753832817078},"size":0.9790933728218079,"orthographic":false}