{"cameraMode":{"drawMode":0,"name":"Shaded","section":"Shading Mode"},"sceneLighting":false,"audioPlay":false,"sceneViewState":{"m_AlwaysRefresh":false,"showFog":true,"showSkybox":false,"showFlares":true,"showImageEffects":true,"showParticleSystems":true,"showVisualEffectGraphs":true,"m_FxEnabled":true},"in2DMode":false,"pivot":{"x":0.6738187670707703,"y":-0.4488309621810913,"z":-0.07816939055919647},"rotation":{"x":0.050731196999549869,"y":0.18026724457740785,"z":-0.009310516528785229,"w":0.9822826981544495},"size":0.9790933728218079,"orthographic":false}