{"cameraMode":{"drawMode":0,"name":"Shaded","section":"Shading Mode"},"sceneLighting":false,"audioPlay":false,"sceneViewState":{"m_AlwaysRefresh":false,"showFog":true,"showSkybox":false,"showFlares":true,"showImageEffects":true,"showParticleSystems":true,"showVisualEffectGraphs":true,"m_FxEnabled":true},"in2DMode":false,"pivot":{"x":0.3191555142402649,"y":0.681389570236206,"z":1.3332242965698243},"rotation":{"x":-0.07457022368907929,"y":0.04396364837884903,"z":-0.00329093006439507,"w":-0.9962784051895142},"size":4.193319797515869,"orthographic":false}