{"cameraMode":{"drawMode":0,"name":"Shaded","section":"Shading Mode"},"sceneLighting":false,"audioPlay":false,"sceneViewState":{"m_AlwaysRefresh":false,"showFog":true,"showSkybox":false,"showFlares":true,"showImageEffects":true,"showParticleSystems":true,"showVisualEffectGraphs":true,"m_FxEnabled":true},"in2DMode":false,"pivot":{"x":-1.1133430004119874,"y":0.9070457220077515,"z":9.374927520751954},"rotation":{"x":-0.07705465704202652,"y":0.12143141031265259,"z":-0.009467239491641522,"w":-0.9895961284637451},"size":5.982916355133057,"orthographic":false}