{"cameraMode":{"drawMode":0,"name":"Shaded","section":"Shading Mode"},"sceneLighting":false,"audioPlay":false,"sceneViewState":{"m_AlwaysRefresh":false,"showFog":true,"showSkybox":false,"showFlares":true,"showImageEffects":true,"showParticleSystems":true,"showVisualEffectGraphs":true,"m_FxEnabled":true},"in2DMode":false,"pivot":{"x":0.3350096344947815,"y":-2.2240679264068605,"z":-0.24348974227905274},"rotation":{"x":0.2868991196155548,"y":-0.00862136110663414,"z":0.002582176821306348,"w":0.9579192996025086},"size":13.819636344909668,"orthographic":false}