{"cameraMode":{"drawMode":0,"name":"Shaded","section":"Shading Mode"},"sceneLighting":true,"audioPlay":false,"sceneViewState":{"m_AlwaysRefresh":false,"showFog":true,"showSkybox":false,"showFlares":true,"showImageEffects":true,"showParticleSystems":true,"showVisualEffectGraphs":true,"m_FxEnabled":true},"in2DMode":false,"pivot":{"x":5.025964736938477,"y":13.650793075561524,"z":41.20042419433594},"rotation":{"x":0.0035977759398519994,"y":0.047981295734643939,"z":-0.00017281831242144108,"w":0.9988422989845276},"size":54.05815124511719,"orthographic":false}