{"cameraMode":{"drawMode":0,"name":"Shaded","section":"Shading Mode"},"sceneLighting":true,"audioPlay":false,"sceneViewState":{"m_AlwaysRefresh":false,"showFog":true,"showSkybox":true,"showFlares":true,"showImageEffects":true,"showParticleSystems":true,"showVisualEffectGraphs":true,"m_FxEnabled":true},"in2DMode":false,"pivot":{"x":-59.72107696533203,"y":0.9411786198616028,"z":42.73357009887695},"rotation":{"x":-0.026318412274122239,"y":-0.9579012989997864,"z":0.09341549128293991,"w":-0.2703828513622284},"size":1.8419508934020997,"orthographic":false}