{"cameraMode":{"drawMode":0,"name":"Shaded","section":"Shading Mode"},"sceneLighting":false,"audioPlay":false,"sceneViewState":{"m_AlwaysRefresh":false,"showFog":true,"showSkybox":false,"showFlares":true,"showImageEffects":true,"showParticleSystems":true,"showVisualEffectGraphs":true,"m_FxEnabled":true},"in2DMode":false,"pivot":{"x":0.2048155665397644,"y":-0.16690103709697724,"z":5.960464477539063e-8},"rotation":{"x":-0.0023995155934244396,"y":0.008999391458928585,"z":0.00001922829142131377,"w":0.9999753832817078},"size":0.6188656091690064,"orthographic":false}